"Category","SubCategory","Indicator","Year","Geography","Geo_Group","Geo_ID","Demography","Demo_Group","Number","Cum_Number","Ave_Annual_Number","Crude_Rate","Lower_95CI_Crude_Rate","Upper_95CI_Crude_Rate","Age_Adj_Rate","Lower_95CI_Age_Adj_Rate","Upper_95CI_Age_Adj_Rate","Percent","Lower_95CI_Percent","Upper_95CI_Percent","Weight_Number","Weight_Percent","Lower_95CI_Weight_Percent","Upper_95CI_Weight_Percent","Map_Key","Flag","","","","","",""
"Social and Economic Factors","Employment","Unemployment","2017","City","Chicago","606","Race-ethnicity","All race-ethnicities","183,642","","","","","","","","","8.3","","","","","","","","G","","","","","",""
"Social and Economic Factors","Employment","Unemployment","2017","City","Chicago","606","Gender","Male","67,492","","","","","","","","","7.8","","","","","","","","G","","","","","",""
"Social and Economic Factors","Employment","Unemployment","2017","City","Chicago","606","Gender","Female","70,078","","","","","","","","","7.9","","","","","","","","G","","","","","",""
"Social and Economic Factors","Employment","Unemployment","2017","City","Chicago","606","Race-ethnicity","African American or Black","120,665","","","","","","","","","18.7","","","","","","","","G","","","","","",""
"Social and Economic Factors","Employment","Unemployment","2017","City","Chicago","606","Race-ethnicity","Asian ","6,379","","","","","","","","","4.1","","","","","","","","G","","","","","",""
"Social and Economic Factors","Employment","Unemployment","2017","City","Chicago","606","Race-ethnicity","Hispanic or Latino","40,047","","","","","","","","","6.8","","","","","","","","G","","","","","",""
"Social and Economic Factors","Employment","Unemployment","2017","City","Chicago","606","Race-ethnicity","Non-Hispanic White","26,860","","","","","","","","","3.4","","","","","","","","G","","","","","",""
"Social and Economic Factors","Employment","Unemployment","2016","City","Chicago","606","Race-ethnicity","All race-ethnicities","177,493","","","","","","","","","8.1","","","","","","","","G","","","","","",""
"Social and Economic Factors","Employment","Unemployment","2016","City","Chicago","606","Gender","Male","61,392","","","","","","","","","7.2","","","","","","","","G","","","","","",""
"Social and Economic Factors","Employment","Unemployment","2016","City","Chicago","606","Gender","Female","70,442","","","","","","","","","7.9","","","","","","","","G","","","","","",""
"Social and Economic Factors","Employment","Unemployment","2016","City","Chicago","606","Race-ethnicity","African American or Black","107,511","","","","","","","","","16.8","","","","","","","","G","","","","","",""
"Social and Economic Factors","Employment","Unemployment","2016","City","Chicago","606","Race-ethnicity","Asian ","6,949","","","","","","","","","4.6","","","","","","","","G","","","","","",""
"Social and Economic Factors","Employment","Unemployment","2016","City","Chicago","606","Race-ethnicity","Hispanic or Latino","48,216","","","","","","","","","8.1","","","","","","","","G","","","","","",""
"Social and Economic Factors","Employment","Unemployment","2016","City","Chicago","606","Race-ethnicity","Non-Hispanic White","24,819","","","","","","","","","3.2","","","","","","","","G","","","","","",""
"Social and Economic Factors","Employment","Unemployment","2015","City","Chicago","606","Race-ethnicity","All race-ethnicities","209,056","","","","","","","","","9.5","","","","","","","","G","","","","","",""
"Social and Economic Factors","Employment","Unemployment","2015","City","Chicago","606","Gender","Male","76,020","","","","","","","","","8.8","","","","","","","","G","","","","","",""
"Social and Economic Factors","Employment","Unemployment","2015","City","Chicago","606","Gender","Female","76,306","","","","","","","","","8.6","","","","","","","","G","","","","","",""
"Social and Economic Factors","Employment","Unemployment","2015","City","Chicago","606","Race-ethnicity","African American or Black","124,516","","","","","","","","","18.7","","","","","","","","G","","","","","",""
"Social and Economic Factors","Employment","Unemployment","2015","City","Chicago","606","Race-ethnicity","Asian ","10,127","","","","","","","","","6.8","","","","","","","","G","","","","","",""
"Social and Economic Factors","Employment","Unemployment","2015","City","Chicago","606","Race-ethnicity","Hispanic or Latino","54,035","","","","","","","","","9.4","","","","","","","","G","","","","","",""
"Social and Economic Factors","Employment","Unemployment","2015","City","Chicago","606","Race-ethnicity","Non-Hispanic White","32,044","","","","","","","","","4.1","","","","","","","","G","","","","","",""
"Social and Economic Factors","Employment","Unemployment","2014","City","Chicago","606","Race-ethnicity","All race-ethnicities","237,901","","","","","","","","","10.9","","","","","","","","G","","","","","",""
"Social and Economic Factors","Employment","Unemployment","2014","City","Chicago","606","Gender","Male","82,659","","","","","","","","","9.7","","","","","","","","G","","","","","",""
"Social and Economic Factors","Employment","Unemployment","2014","City","Chicago","606","Gender","Female","94,405","","","","","","","","","10.6","","","","","","","","G","","","","","",""
"Social and Economic Factors","Employment","Unemployment","2014","City","Chicago","606","Race-ethnicity","African American or Black","137,788","","","","","","","","","20.6","","","","","","","","G","","","","","",""
"Social and Economic Factors","Employment","Unemployment","2014","City","Chicago","606","Race-ethnicity","Asian ","10,182","","","","","","","","","7.2","","","","","","","","G","","","","","",""
"Social and Economic Factors","Employment","Unemployment","2014","City","Chicago","606","Race-ethnicity","Hispanic or Latino","58,535","","","","","","","","","10.1","","","","","","","","G","","","","","",""
"Social and Economic Factors","Employment","Unemployment","2014","City","Chicago","606","Race-ethnicity","Non-Hispanic White","44,541","","","","","","","","","5.8","","","","","","","","G","","","","","",""
"Social and Economic Factors","Employment","Unemployment","2013","City","Chicago","606","Race-ethnicity","All race-ethnicities","277,918","","","","","","","","","12.7","","","","","","","","G","","","","","",""
"Social and Economic Factors","Employment","Unemployment","2013","City","Chicago","606","Gender","Male","98,921","","","","","","","","","11.4","","","","","","","","G","","","","","",""
"Social and Economic Factors","Employment","Unemployment","2013","City","Chicago","606","Gender","Female","105,544","","","","","","","","","11.9","","","","","","","","G","","","","","",""
"Social and Economic Factors","Employment","Unemployment","2013","City","Chicago","606","Race-ethnicity","African American or Black","167,059","","","","","","","","","24.6","","","","","","","","G","","","","","",""
"Social and Economic Factors","Employment","Unemployment","2013","City","Chicago","606","Race-ethnicity","Asian ","10,410","","","","","","","","","7.3","","","","","","","","G","","","","","",""
"Social and Economic Factors","Employment","Unemployment","2013","City","Chicago","606","Race-ethnicity","Hispanic or Latino","67,289","","","","","","","","","11.9","","","","","","","","G","","","","","",""
"Social and Economic Factors","Employment","Unemployment","2013","City","Chicago","606","Race-ethnicity","Non-Hispanic White","44,846","","","","","","","","","5.8","","","","","","","","G","","","","","",""
"Social and Economic Factors","Employment","Unemployment","2012","City","Chicago","606","Race-ethnicity","All race-ethnicities","296,961","","","","","","","","","13.7","","","","","","","","G","","","","","",""
"Social and Economic Factors","Employment","Unemployment","2012","City","Chicago","606","Gender","Male","102,427","","","","","","","","","12.1","","","","","","","","G","","","","","",""
"Social and Economic Factors","Employment","Unemployment","2012","City","Chicago","606","Gender","Female","116,003","","","","","","","","","13.1","","","","","","","","G","","","","","",""
"Social and Economic Factors","Employment","Unemployment","2012","City","Chicago","606","Race-ethnicity","African American or Black","180,272","","","","","","","","","26.8","","","","","","","","G","","","","","",""
"Social and Economic Factors","Employment","Unemployment","2012","City","Chicago","606","Race-ethnicity","Asian ","8,866","","","","","","","","","6.4","","","","","","","","G","","","","","",""
"Social and Economic Factors","Employment","Unemployment","2012","City","Chicago","606","Race-ethnicity","Hispanic or Latino","70,691","","","","","","","","","12.5","","","","","","","","G","","","","","",""
"Social and Economic Factors","Employment","Unemployment","2012","City","Chicago","606","Race-ethnicity","Non-Hispanic White","49,142","","","","","","","","","6.4","","","","","","","","G","","","","","",""
"Social and Economic Factors","Employment","Unemployment","2011","City","Chicago","606","Race-ethnicity","All race-ethnicities","304,230","","","","","","","","","14.1","","","","","","","","G","","","","","",""
"Social and Economic Factors","Employment","Unemployment","2011","City","Chicago","606","Gender","Male","110,805","","","","","","","","","13.0","","","","","","","","G","","","","","",""
"Social and Economic Factors","Employment","Unemployment","2011","City","Chicago","606","Gender","Female","115,704","","","","","","","","","13.1","","","","","","","","G","","","","","",""
"Social and Economic Factors","Employment","Unemployment","2011","City","Chicago","606","Race-ethnicity","African American or Black","160,495","","","","","","","","","23.8","","","","","","","","G","","","","","",""
"Social and Economic Factors","Employment","Unemployment","2011","City","Chicago","606","Race-ethnicity","Asian ","11,655","","","","","","","","","9.3","","","","","","","","G","","","","","",""
"Social and Economic Factors","Employment","Unemployment","2011","City","Chicago","606","Race-ethnicity","Hispanic or Latino","83,229","","","","","","","","","14.7","","","","","","","","G","","","","","",""
"Social and Economic Factors","Employment","Unemployment","2011","City","Chicago","606","Race-ethnicity","Non-Hispanic White","59,668","","","","","","","","","7.8","","","","","","","","G","","","","","",""
"Social and Economic Factors","Employment","Unemployment","2010","City","Chicago","606","Race-ethnicity","All race-ethnicities","316,469","","","","","","","","","14.8","","","","","","","","G","","","","","",""
"Social and Economic Factors","Employment","Unemployment","2010","City","Chicago","606","Gender","Male","117,931","","","","","","","","","14.0","","","","","","","","G","","","","","",""
"Social and Economic Factors","Employment","Unemployment","2010","City","Chicago","606","Gender","Female","121,511","","","","","","","","","13.9","","","","","","","","G","","","","","",""
"Social and Economic Factors","Employment","Unemployment","2010","City","Chicago","606","Race-ethnicity","African American or Black","173,249","","","","","","","","","25.0","","","","","","","","G","","","","","",""
"Social and Economic Factors","Employment","Unemployment","2010","City","Chicago","606","Race-ethnicity","Asian ","12,142","","","","","","","","","9.3","","","","","","","","G","","","","","",""
"Social and Economic Factors","Employment","Unemployment","2010","City","Chicago","606","Race-ethnicity","Hispanic or Latino","81,407","","","","","","","","","15.0","","","","","","","","G","","","","","",""
"Social and Economic Factors","Employment","Unemployment","2010","City","Chicago","606","Race-ethnicity","Non-Hispanic White","66,447","","","","","","","","","8.8","","","","","","","","G","","","","","",""
"Social and Economic Factors","Employment","Unemployment","2012-2016","Community Area","1-Rogers Park","1","","","2,783","","","","","","","","","9.1","","","","","","","Quintile","G","","","","","",""
"Social and Economic Factors","Employment","Unemployment","2012-2016","Community Area","2-West Ridge","2","","","3,418","","","","","","","","","9.2","","","","","","","Quintile","G","","","","","",""
"Social and Economic Factors","Employment","Unemployment","2012-2016","Community Area","3-Uptown","3","","","2,944","","","","","","","","","8.0","","","","","","","Quintile","G","","","","","",""
"Social and Economic Factors","Employment","Unemployment","2012-2016","Community Area","4-Lincoln Square","4","","","1,661","","","","","","","","","6.0","","","","","","","Quintile","G","","","","","",""
"Social and Economic Factors","Employment","Unemployment","2012-2016","Community Area","5-North Center","5","","","962","","","","","","","","","4.0","","","","","","","Quintile","G","","","","","",""
"Social and Economic Factors","Employment","Unemployment","2012-2016","Community Area","6-Lakeview","6","","","2,449","","","","","","","","","3.3","","","","","","","Quintile","G","","","","","",""
"Social and Economic Factors","Employment","Unemployment","2012-2016","Community Area","7-Lincoln Park","7","","","1,565","","","","","","","","","3.5","","","","","","","Quintile","G","","","","","",""
"Social and Economic Factors","Employment","Unemployment","2012-2016","Community Area","8-Near North Side","8","","","3,045","","","","","","","","","5.1","","","","","","","Quintile","G","","","","","",""
"Social and Economic Factors","Employment","Unemployment","2012-2016","Community Area","9-Edison Park","9","","","265","","","","","","","","","4.1","","","","","","","Quintile","G","","","","","",""
"Social and Economic Factors","Employment","Unemployment","2012-2016","Community Area","10-Norwood Park","10","","","1,308","","","","","","","","","6.0","","","","","","","Quintile","G","","","","","",""
"Social and Economic Factors","Employment","Unemployment","2012-2016","Community Area","11-Jefferson Park","11","","","1,119","","","","","","","","","7.4","","","","","","","Quintile","G","","","","","",""
"Social and Economic Factors","Employment","Unemployment","2012-2016","Community Area","12-Forest Glen","12","","","498","","","","","","","","","5.1","","","","","","","Quintile","G","","","","","",""
"Social and Economic Factors","Employment","Unemployment","2012-2016","Community Area","13-North Park","13","","","621","","","","","","","","","7.7","","","","","","","Quintile","G","","","","","",""
"Social and Economic Factors","Employment","Unemployment","2012-2016","Community Area","14-Albany Park","14","","","2,339","","","","","","","","","7.9","","","","","","","Quintile","G","","","","","",""
"Social and Economic Factors","Employment","Unemployment","2012-2016","Community Area","15-Portage Park","15","","","2,824","","","","","","","","","7.6","","","","","","","Quintile","G","","","","","",""
"Social and Economic Factors","Employment","Unemployment","2012-2016","Community Area","16-Irving Park","16","","","1,905","","","","","","","","","6.0","","","","","","","Quintile","G","","","","","",""
"Social and Economic Factors","Employment","Unemployment","2012-2016","Community Area","17-Dunning","17","","","1,311","","","","","","","","","5.6","","","","","","","Quintile","G","","","","","",""
"Social and Economic Factors","Employment","Unemployment","2012-2016","Community Area","18-Montclare","18","","","245","","","","","","","","","4.8","","","","","","","Quintile","G","","","","","",""
"Social and Economic Factors","Employment","Unemployment","2012-2016","Community Area","19-Belmont Cragin","19","","","4,346","","","","","","","","","11.0","","","","","","","Quintile","G","","","","","",""
"Social and Economic Factors","Employment","Unemployment","2012-2016","Community Area","20-Hermosa","20","","","938","","","","","","","","","7.9","","","","","","","Quintile","G","","","","","",""
"Social and Economic Factors","Employment","Unemployment","2012-2016","Community Area","21-Avondale","21","","","1,261","","","","","","","","","6.4","","","","","","","Quintile","G","","","","","",""
"Social and Economic Factors","Employment","Unemployment","2012-2016","Community Area","22-Logan Square","22","","","2,361","","","","","","","","","5.2","","","","","","","Quintile","G","","","","","",""
"Social and Economic Factors","Employment","Unemployment","2012-2016","Community Area","23-Humboldt Park","23","","","3,357","","","","","","","","","12.0","","","","","","","Quintile","G","","","","","",""
"Social and Economic Factors","Employment","Unemployment","2012-2016","Community Area","24-West Town","24","","","3,361","","","","","","","","","5.5","","","","","","","Quintile","G","","","","","",""
"Social and Economic Factors","Employment","Unemployment","2012-2016","Community Area","25-Austin","25","","","7,305","","","","","","","","","16.8","","","","","","","Quintile","G","","","","","",""
"Social and Economic Factors","Employment","Unemployment","2012-2016","Community Area","26-West Garfield Park","26","","","1,082","","","","","","","","","18.8","","","","","","","Quintile","G","","","","","",""
"Social and Economic Factors","Employment","Unemployment","2012-2016","Community Area","27-East Garfield Park","27","","","1,272","","","","","","","","","6.6","","","","","","","Quintile","G","","","","","",""
"Social and Economic Factors","Employment","Unemployment","2012-2016","Community Area","28-Near West Side","28","","","2,970","","","","","","","","","6.4","","","","","","","Quintile","G","","","","","",""
"Social and Economic Factors","Employment","Unemployment","2012-2016","Community Area","29-North Lawndale","29","","","2,361","","","","","","","","","8.0","","","","","","","Quintile","G","","","","","",""
"Social and Economic Factors","Employment","Unemployment","2012-2016","Community Area","30-South Lawndale","30","","","3,204","","","","","","","","","8.6","","","","","","","Quintile","G","","","","","",""
"Social and Economic Factors","Employment","Unemployment","2012-2016","Community Area","31-Lower West Side","31","","","1,785","","","","","","","","","7.4","","","","","","","Quintile","G","","","","","",""
"Social and Economic Factors","Employment","Unemployment","2012-2016","Community Area","32-Loop","32","","","1,051","","","","","","","","","5.3","","","","","","","Quintile","G","","","","","",""
"Social and Economic Factors","Employment","Unemployment","2012-2016","Community Area","33-Near South Side","33","","","716","","","","","","","","","3.9","","","","","","","Quintile","G","","","","","",""
"Social and Economic Factors","Employment","Unemployment","2012-2016","Community Area","34-Armour Square","34","","","636","","","","","","","","","10.2","","","","","","","Quintile","G","","","","","",""
"Social and Economic Factors","Employment","Unemployment","2012-2016","Community Area","35-Douglas","35","","","1,903","","","","","","","","","10.6","","","","","","","Quintile","G","","","","","",""
"Social and Economic Factors","Employment","Unemployment","2012-2016","Community Area","36-Oakland","36","","","465","","","","","","","","","8.7","","","","","","","Quintile","G","","","","","",""
"Social and Economic Factors","Employment","Unemployment","2012-2016","Community Area","37-Fuller Park","37","","","553","","","","","","","","","7.3","","","","","","","Quintile","G","","","","","",""
"Social and Economic Factors","Employment","Unemployment","2012-2016","Community Area","38-Grand Boulevard","38","","","1,615","","","","","","","","","8.2","","","","","","","Quintile","G","","","","","",""
"Social and Economic Factors","Employment","Unemployment","2012-2016","Community Area","39-Kenwood","39","","","1,180","","","","","","","","","12.9","","","","","","","Quintile","G","","","","","",""
"Social and Economic Factors","Employment","Unemployment","2012-2016","Community Area","40-Washington Park","40","","","1,092","","","","","","","","","16.9","","","","","","","Quintile","G","","","","","",""
"Social and Economic Factors","Employment","Unemployment","2012-2016","Community Area","41-Hyde Park","41","","","1,075","","","","","","","","","5.3","","","","","","","Quintile","G","","","","","",""
"Social and Economic Factors","Employment","Unemployment","2012-2016","Community Area","42-Woodlawn","42","","","1,613","","","","","","","","","13.3","","","","","","","Quintile","G","","","","","",""
"Social and Economic Factors","Employment","Unemployment","2012-2016","Community Area","43-South Shore","43","","","4,320","","","","","","","","","19.0","","","","","","","Quintile","G","","","","","",""
"Social and Economic Factors","Employment","Unemployment","2012-2016","Community Area","44-Chatham","44","","","2,831","","","","","","","","","15.8","","","","","","","Quintile","G","","","","","",""
"Social and Economic Factors","Employment","Unemployment","2012-2016","Community Area","45-Avalon Park","45","","","609","","","","","","","","","15.5","","","","","","","Quintile","G","","","","","",""
"Social and Economic Factors","Employment","Unemployment","2012-2016","Community Area","46-South Chicago","46","","","2,636","","","","","","","","","19.7","","","","","","","Quintile","G","","","","","",""
"Social and Economic Factors","Employment","Unemployment","2012-2016","Community Area","47-Burnside","47","","","189","","","","","","","","","18.4","","","","","","","Quintile","G","","","","","",""
"Social and Economic Factors","Employment","Unemployment","2012-2016","Community Area","48-Calumet Heights","48","","","911","","","","","","","","","14.4","","","","","","","Quintile","G","","","","","",""
"Social and Economic Factors","Employment","Unemployment","2012-2016","Community Area","49-Roseland","49","","","4,662","","","","","","","","","24.0","","","","","","","Quintile","G","","","","","",""
"Social and Economic Factors","Employment","Unemployment","2012-2016","Community Area","50-Pullman","50","","","696","","","","","","","","","20.3","","","","","","","Quintile","G","","","","","",""
"Social and Economic Factors","Employment","Unemployment","2012-2016","Community Area","51-South Deering","51","","","1,476","","","","","","","","","20.0","","","","","","","Quintile","G","","","","","",""
"Social and Economic Factors","Employment","Unemployment","2012-2016","Community Area","52-East Side","52","","","2,052","","","","","","","","","18.3","","","","","","","Quintile","G","","","","","",""
"Social and Economic Factors","Employment","Unemployment","2012-2016","Community Area","53-West Pullman","53","","","3,336","","","","","","","","","22.8","","","","","","","Quintile","G","","","","","",""
"Social and Economic Factors","Employment","Unemployment","2012-2016","Community Area","54-Riverdale","54","","","951","","","","","","","","","36.9","","","","","","","Quintile","G","","","","","",""
"Social and Economic Factors","Employment","Unemployment","2012-2016","Community Area","55-Hegewisch","55","","","289","","","","","","","","","6.3","","","","","","","Quintile","G","","","","","",""
"Social and Economic Factors","Employment","Unemployment","2012-2016","Community Area","56-Garfield Ridge","56","","","1,891","","","","","","","","","8.7","","","","","","","Quintile","G","","","","","",""
"Social and Economic Factors","Employment","Unemployment","2012-2016","Community Area","57-Archer Heights","57","","","663","","","","","","","","","9.9","","","","","","","Quintile","G","","","","","",""
"Social and Economic Factors","Employment","Unemployment","2012-2016","Community Area","58-Brighton Park","58","","","2,291","","","","","","","","","11.8","","","","","","","Quintile","G","","","","","",""
"Social and Economic Factors","Employment","Unemployment","2012-2016","Community Area","59-McKinley Park","59","","","737","","","","","","","","","7.4","","","","","","","Quintile","G","","","","","",""
"Social and Economic Factors","Employment","Unemployment","2012-2016","Community Area","60-Bridgeport","60","","","2,417","","","","","","","","","8.2","","","","","","","Quintile","G","","","","","",""
"Social and Economic Factors","Employment","Unemployment","2012-2016","Community Area","61-New City","61","","","3,707","","","","","","","","","16.6","","","","","","","Quintile","G","","","","","",""
"Social and Economic Factors","Employment","Unemployment","2012-2016","Community Area","62-West Elsdon","62","","","1,200","","","","","","","","","12.5","","","","","","","Quintile","G","","","","","",""
"Social and Economic Factors","Employment","Unemployment","2012-2016","Community Area","63-Gage Park","63","","","2,455","","","","","","","","","12.7","","","","","","","Quintile","G","","","","","",""
"Social and Economic Factors","Employment","Unemployment","2012-2016","Community Area","64-Clearing","64","","","1,355","","","","","","","","","10.1","","","","","","","Quintile","G","","","","","",""
"Social and Economic Factors","Employment","Unemployment","2012-2016","Community Area","65-West Lawn","65","","","2,230","","","","","","","","","13.4","","","","","","","Quintile","G","","","","","",""
"Social and Economic Factors","Employment","Unemployment","2012-2016","Community Area","66-Chicago Lawn","66","","","5,052","","","","","","","","","19.9","","","","","","","Quintile","G","","","","","",""
"Social and Economic Factors","Employment","Unemployment","2012-2016","Community Area","67-West Englewood","67","","","4,197","","","","","","","","","29.6","","","","","","","Quintile","G","","","","","",""
"Social and Economic Factors","Employment","Unemployment","2012-2016","Community Area","68-Englewood","68","","","3,001","","","","","","","","","22.5","","","","","","","Quintile","G","","","","","",""
"Social and Economic Factors","Employment","Unemployment","2012-2016","Community Area","69-Greater Grand Crossing","69","","","3,414","","","","","","","","","16.5","","","","","","","Quintile","G","","","","","",""
"Social and Economic Factors","Employment","Unemployment","2012-2016","Community Area","70-Ashburn","70","","","2,869","","","","","","","","","12.8","","","","","","","Quintile","G","","","","","",""
"Social and Economic Factors","Employment","Unemployment","2012-2016","Community Area","71-Auburn Gresham","71","","","4,876","","","","","","","","","23.6","","","","","","","Quintile","G","","","","","",""
"Social and Economic Factors","Employment","Unemployment","2012-2016","Community Area","72-Beverly","72","","","714","","","","","","","","","6.6","","","","","","","Quintile","G","","","","","",""
"Social and Economic Factors","Employment","Unemployment","2012-2016","Community Area","73-Washington Heights","73","","","2,440","","","","","","","","","18.6","","","","","","","Quintile","G","","","","","",""
"Social and Economic Factors","Employment","Unemployment","2012-2016","Community Area","74-Mount Greenwood","74","","","433","","","","","","","","","4.4","","","","","","","Quintile","G","","","","","",""
"Social and Economic Factors","Employment","Unemployment","2012-2016","Community Area","75-Morgan Park","75","","","1,263","","","","","","","","","10.4","","","","","","","Quintile","G","","","","","",""
"Social and Economic Factors","Employment","Unemployment","2012-2016","Community Area","76-O'Hare","76","","","1,327","","","","","","","","","7.8","","","","","","","Quintile","G","","","","","",""
"Social and Economic Factors","Employment","Unemployment","2012-2016","Community Area","77-Edgewater","77","","","2,366","","","","","","","","","6.9","","","","","","","Quintile","G","","","","","",""
"Social and Economic Factors","Employment","Unemployment","2011-2015","Community Area","1-Rogers Park","1","","","3093","","","","","","","","","9.8","","","","","","","Quintile","G","","","","","",""
"Social and Economic Factors","Employment","Unemployment","2011-2015","Community Area","2-West Ridge","2","","","3190","","","","","","","","","8.8","","","","","","","Quintile","G","","","","","",""
"Social and Economic Factors","Employment","Unemployment","2011-2015","Community Area","3-Uptown","3","","","3472","","","","","","","","","9.8","","","","","","","Quintile","G","","","","","",""
"Social and Economic Factors","Employment","Unemployment","2011-2015","Community Area","4-Lincoln Square","4","","","1917","","","","","","","","","7.2","","","","","","","Quintile","G","","","","","",""
"Social and Economic Factors","Employment","Unemployment","2011-2015","Community Area","5-North Center","5","","","943","","","","","","","","","4.2","","","","","","","Quintile","G","","","","","",""
"Social and Economic Factors","Employment","Unemployment","2011-2015","Community Area","6-Lakeview","6","","","2691","","","","","","","","","3.7","","","","","","","Quintile","G","","","","","",""
"Social and Economic Factors","Employment","Unemployment","2011-2015","Community Area","7-Lincoln Park","7","","","1901","","","","","","","","","4.2","","","","","","","Quintile","G","","","","","",""
"Social and Economic Factors","Employment","Unemployment","2011-2015","Community Area","8-Near North Side","8","","","3717","","","","","","","","","6.3","","","","","","","Quintile","G","","","","","",""
"Social and Economic Factors","Employment","Unemployment","2011-2015","Community Area","9-Edison Park","9","","","317","","","","","","","","","5.0","","","","","","","Quintile","G","","","","","",""
"Social and Economic Factors","Employment","Unemployment","2011-2015","Community Area","10-Norwood Park","10","","","1530","","","","","","","","","6.9","","","","","","","Quintile","G","","","","","",""
"Social and Economic Factors","Employment","Unemployment","2011-2015","Community Area","11-Jefferson Park","11","","","1520","","","","","","","","","10.2","","","","","","","Quintile","G","","","","","",""
"Social and Economic Factors","Employment","Unemployment","2011-2015","Community Area","12-Forest Glen","12","","","574","","","","","","","","","6.1","","","","","","","Quintile","G","","","","","",""
"Social and Economic Factors","Employment","Unemployment","2011-2015","Community Area","13-North Park","13","","","849","","","","","","","","","9.1","","","","","","","Quintile","G","","","","","",""
"Social and Economic Factors","Employment","Unemployment","2011-2015","Community Area","14-Albany Park","14","","","2703","","","","","","","","","9.1","","","","","","","Quintile","G","","","","","",""
"Social and Economic Factors","Employment","Unemployment","2011-2015","Community Area","15-Portage Park","15","","","3490","","","","","","","","","9.3","","","","","","","Quintile","G","","","","","",""
"Social and Economic Factors","Employment","Unemployment","2011-2015","Community Area","16-Irving Park","16","","","2156","","","","","","","","","6.8","","","","","","","Quintile","G","","","","","",""
"Social and Economic Factors","Employment","Unemployment","2011-2015","Community Area","17-Dunning","17","","","1694","","","","","","","","","7.2","","","","","","","Quintile","G","","","","","",""
"Social and Economic Factors","Employment","Unemployment","2011-2015","Community Area","18-Montclare","18","","","694","","","","","","","","","10.8","","","","","","","Quintile","G","","","","","",""
"Social and Economic Factors","Employment","Unemployment","2011-2015","Community Area","19-Belmont Cragin","19","","","4992","","","","","","","","","12.3","","","","","","","Quintile","G","","","","","",""
"Social and Economic Factors","Employment","Unemployment","2011-2015","Community Area","20-Hermosa","20","","","1279","","","","","","","","","9.6","","","","","","","Quintile","G","","","","","",""
"Social and Economic Factors","Employment","Unemployment","2011-2015","Community Area","21-Avondale","21","","","1668","","","","","","","","","7.8","","","","","","","Quintile","G","","","","","",""
"Social and Economic Factors","Employment","Unemployment","2011-2015","Community Area","22-Logan Square","22","","","2762","","","","","","","","","6.0","","","","","","","Quintile","G","","","","","",""
"Social and Economic Factors","Employment","Unemployment","2011-2015","Community Area","23-Humboldt Park","23","","","4213","","","","","","","","","17.4","","","","","","","Quintile","G","","","","","",""
"Social and Economic Factors","Employment","Unemployment","2011-2015","Community Area","24-West Town","24","","","3722","","","","","","","","","6.3","","","","","","","Quintile","G","","","","","",""
"Social and Economic Factors","Employment","Unemployment","2011-2015","Community Area","25-Austin","25","","","8110","","","","","","","","","19.5","","","","","","","Quintile","G","","","","","",""
"Social and Economic Factors","Employment","Unemployment","2011-2015","Community Area","26-West Garfield Park","26","","","1016","","","","","","","","","17.8","","","","","","","Quintile","G","","","","","",""
"Social and Economic Factors","Employment","Unemployment","2011-2015","Community Area","27-East Garfield Park","27","","","1429","","","","","","","","","20.3","","","","","","","Quintile","G","","","","","",""
"Social and Economic Factors","Employment","Unemployment","2011-2015","Community Area","28-Near West Side","28","","","3844","","","","","","","","","10.0","","","","","","","Quintile","G","","","","","",""
"Social and Economic Factors","Employment","Unemployment","2011-2015","Community Area","29-North Lawndale","29","","","2886","","","","","","","","","23.4","","","","","","","Quintile","G","","","","","",""
"Social and Economic Factors","Employment","Unemployment","2011-2015","Community Area","30-South Lawndale","30","","","3846","","","","","","","","","13.2","","","","","","","Quintile","G","","","","","",""
"Social and Economic Factors","Employment","Unemployment","2011-2015","Community Area","31-Lower West Side","31","","","2098","","","","","","","","","11.4","","","","","","","Quintile","G","","","","","",""
"Social and Economic Factors","Employment","Unemployment","2011-2015","Community Area","32-Loop","32","","","1202","","","","","","","","","5.3","","","","","","","Quintile","G","","","","","",""
"Social and Economic Factors","Employment","Unemployment","2011-2015","Community Area","33-Near South Side","33","","","583","","","","","","","","","3.8","","","","","","","Quintile","G","","","","","",""
"Social and Economic Factors","Employment","Unemployment","2011-2015","Community Area","34-Armour Square","34","","","1074","","","","","","","","","15.4","","","","","","","Quintile","G","","","","","",""
"Social and Economic Factors","Employment","Unemployment","2011-2015","Community Area","35-Douglas","35","","","1490","","","","","","","","","15.5","","","","","","","Quintile","G","","","","","",""
"Social and Economic Factors","Employment","Unemployment","2011-2015","Community Area","36-Oakland","36","","","678","","","","","","","","","21.5","","","","","","","Quintile","G","","","","","",""
"Social and Economic Factors","Employment","Unemployment","2011-2015","Community Area","37-Fuller Park","37","","","317","","","","","","","","","31.7","","","","","","","Quintile","G","","","","","",""
"Social and Economic Factors","Employment","Unemployment","2011-2015","Community Area","38-Grand Boulevard","38","","","2381","","","","","","","","","22.6","","","","","","","Quintile","G","","","","","",""
"Social and Economic Factors","Employment","Unemployment","2011-2015","Community Area","39-Kenwood","39","","","1373","","","","","","","","","14.9","","","","","","","Quintile","G","","","","","",""
"Social and Economic Factors","Employment","Unemployment","2011-2015","Community Area","40-Washington Park","40","","","1578","","","","","","","","","31.8","","","","","","","Quintile","G","","","","","",""
"Social and Economic Factors","Employment","Unemployment","2011-2015","Community Area","41-Hyde Park","41","","","1123","","","","","","","","","7.9","","","","","","","Quintile","G","","","","","",""
"Social and Economic Factors","Employment","Unemployment","2011-2015","Community Area","42-Woodlawn","42","","","2382","","","","","","","","","22.4","","","","","","","Quintile","G","","","","","",""
"Social and Economic Factors","Employment","Unemployment","2011-2015","Community Area","43-South Shore","43","","","5067","","","","","","","","","22.4","","","","","","","Quintile","G","","","","","",""
"Social and Economic Factors","Employment","Unemployment","2011-2015","Community Area","44-Chatham","44","","","3043","","","","","","","","","20.3","","","","","","","Quintile","G","","","","","",""
"Social and Economic Factors","Employment","Unemployment","2011-2015","Community Area","45-Avalon Park","45","","","1008","","","","","","","","","22.3","","","","","","","Quintile","G","","","","","",""
"Social and Economic Factors","Employment","Unemployment","2011-2015","Community Area","46-South Chicago","46","","","2709","","","","","","","","","21.8","","","","","","","Quintile","G","","","","","",""
"Social and Economic Factors","Employment","Unemployment","2011-2015","Community Area","47-Burnside","47","","","234","","","","","","","","","21.5","","","","","","","Quintile","G","","","","","",""
"Social and Economic Factors","Employment","Unemployment","2011-2015","Community Area","48-Calumet Heights","48","","","1094","","","","","","","","","16.9","","","","","","","Quintile","G","","","","","",""
"Social and Economic Factors","Employment","Unemployment","2011-2015","Community Area","49-Roseland","49","","","4586","","","","","","","","","25.3","","","","","","","Quintile","G","","","","","",""
"Social and Economic Factors","Employment","Unemployment","2011-2015","Community Area","50-Pullman","50","","","656","","","","","","","","","19.4","","","","","","","Quintile","G","","","","","",""
"Social and Economic Factors","Employment","Unemployment","2011-2015","Community Area","51-South Deering","51","","","1767","","","","","","","","","25.3","","","","","","","Quintile","G","","","","","",""
"Social and Economic Factors","Employment","Unemployment","2011-2015","Community Area","52-East Side","52","","","1914","","","","","","","","","17.0","","","","","","","Quintile","G","","","","","",""
"Social and Economic Factors","Employment","Unemployment","2011-2015","Community Area","53-West Pullman","53","","","3475","","","","","","","","","24.8","","","","","","","Quintile","G","","","","","",""
"Social and Economic Factors","Employment","Unemployment","2011-2015","Community Area","54-Riverdale","54","","","960","","","","","","","","","40.8","","","","","","","Quintile","G","","","","","",""
"Social and Economic Factors","Employment","Unemployment","2011-2015","Community Area","55-Hegewisch","55","","","397","","","","","","","","","9.0","","","","","","","Quintile","G","","","","","",""
"Social and Economic Factors","Employment","Unemployment","2011-2015","Community Area","56-Garfield Ridge","56","","","2087","","","","","","","","","11.4","","","","","","","Quintile","G","","","","","",""
"Social and Economic Factors","Employment","Unemployment","2011-2015","Community Area","57-Archer Heights","57","","","788","","","","","","","","","11.9","","","","","","","Quintile","G","","","","","",""
"Social and Economic Factors","Employment","Unemployment","2011-2015","Community Area","58-Brighton Park","58","","","2721","","","","","","","","","13.2","","","","","","","Quintile","G","","","","","",""
"Social and Economic Factors","Employment","Unemployment","2011-2015","Community Area","59-McKinley Park","59","","","1136","","","","","","","","","13.8","","","","","","","Quintile","G","","","","","",""
"Social and Economic Factors","Employment","Unemployment","2011-2015","Community Area","60-Bridgeport","60","","","2118","","","","","","","","","11.2","","","","","","","Quintile","G","","","","","",""
"Social and Economic Factors","Employment","Unemployment","2011-2015","Community Area","61-New City","61","","","4137","","","","","","","","","22.0","","","","","","","Quintile","G","","","","","",""
"Social and Economic Factors","Employment","Unemployment","2011-2015","Community Area","62-West Elsdon","62","","","1369","","","","","","","","","14.8","","","","","","","Quintile","G","","","","","",""
"Social and Economic Factors","Employment","Unemployment","2011-2015","Community Area","63-Gage Park","63","","","3157","","","","","","","","","15.9","","","","","","","Quintile","G","","","","","",""
"Social and Economic Factors","Employment","Unemployment","2011-2015","Community Area","64-Clearing","64","","","1365","","","","","","","","","10.2","","","","","","","Quintile","G","","","","","",""
"Social and Economic Factors","Employment","Unemployment","2011-2015","Community Area","65-West Lawn","65","","","2211","","","","","","","","","13.5","","","","","","","Quintile","G","","","","","",""
"Social and Economic Factors","Employment","Unemployment","2011-2015","Community Area","66-Chicago Lawn","66","","","5588","","","","","","","","","21.9","","","","","","","Quintile","G","","","","","",""
"Social and Economic Factors","Employment","Unemployment","2011-2015","Community Area","67-West Englewood","67","","","4622","","","","","","","","","34.8","","","","","","","Quintile","G","","","","","",""
"Social and Economic Factors","Employment","Unemployment","2011-2015","Community Area","68-Englewood","68","","","3583","","","","","","","","","36.0","","","","","","","Quintile","G","","","","","",""
"Social and Economic Factors","Employment","Unemployment","2011-2015","Community Area","69-Greater Grand Crossing","69","","","3560","","","","","","","","","24.9","","","","","","","Quintile","G","","","","","",""
"Social and Economic Factors","Employment","Unemployment","2011-2015","Community Area","70-Ashburn","70","","","2981","","","","","","","","","13.6","","","","","","","Quintile","G","","","","","",""
"Social and Economic Factors","Employment","Unemployment","2011-2015","Community Area","71-Auburn Gresham","71","","","5234","","","","","","","","","26.0","","","","","","","Quintile","G","","","","","",""
"Social and Economic Factors","Employment","Unemployment","2011-2015","Community Area","72-Beverly","72","","","784","","","","","","","","","7.2","","","","","","","Quintile","G","","","","","",""
"Social and Economic Factors","Employment","Unemployment","2011-2015","Community Area","73-Washington Heights","73","","","2594","","","","","","","","","19.7","","","","","","","Quintile","G","","","","","",""
"Social and Economic Factors","Employment","Unemployment","2011-2015","Community Area","74-Mount Greenwood","74","","","672","","","","","","","","","7.1","","","","","","","Quintile","G","","","","","",""
"Social and Economic Factors","Employment","Unemployment","2011-2015","Community Area","75-Morgan Park","75","","","1681","","","","","","","","","12.1","","","","","","","Quintile","G","","","","","",""
"Social and Economic Factors","Employment","Unemployment","2011-2015","Community Area","76-O'Hare","76","","","958","","","","","","","","","8.4","","","","","","","Quintile","G","","","","","",""
"Social and Economic Factors","Employment","Unemployment","2011-2015","Community Area","77-Edgewater","77","","","2812","","","","","","","","","8.2","","","","","","","Quintile","G","","","","","",""
"Social and Economic Factors","Employment","Unemployment","2006-2010","Community Area","1-Rogers Park","1","","","2354","","","","","","","","","7.5","","","","","","","Quintile","G","","","","","",""
"Social and Economic Factors","Employment","Unemployment","2006-2010","Community Area","2-West Ridge","2","","","2762","","","","","","","","","7.9","","","","","","","Quintile","G","","","","","",""
"Social and Economic Factors","Employment","Unemployment","2006-2010","Community Area","3-Uptown","3","","","2717","","","","","","","","","7.7","","","","","","","Quintile","G","","","","","",""
"Social and Economic Factors","Employment","Unemployment","2006-2010","Community Area","4-Lincoln Square","4","","","1759","","","","","","","","","6.8","","","","","","","Quintile","G","","","","","",""
"Social and Economic Factors","Employment","Unemployment","2006-2010","Community Area","5-North Center","5","","","988","","","","","","","","","4.5","","","","","","","Quintile","G","","","","","",""
"Social and Economic Factors","Employment","Unemployment","2006-2010","Community Area","6-Lakeview","6","","","3458","","","","","","","","","4.7","","","","","","","Quintile","G","","","","","",""
"Social and Economic Factors","Employment","Unemployment","2006-2010","Community Area","7-Lincoln Park","7","","","1927","","","","","","","","","4.5","","","","","","","Quintile","G","","","","","",""
"Social and Economic Factors","Employment","Unemployment","2006-2010","Community Area","8-Near North Side","8","","","2667","","","","","","","","","5.2","","","","","","","Quintile","G","","","","","",""
"Social and Economic Factors","Employment","Unemployment","2006-2010","Community Area","9-Edison Park","9","","","483","","","","","","","","","7.6","","","","","","","Quintile","G","","","","","",""
"Social and Economic Factors","Employment","Unemployment","2006-2010","Community Area","10-Norwood Park","10","","","1557","","","","","","","","","7.1","","","","","","","Quintile","G","","","","","",""
"Social and Economic Factors","Employment","Unemployment","2006-2010","Community Area","11-Jefferson Park","11","","","1381","","","","","","","","","9.0","","","","","","","Quintile","G","","","","","",""
"Social and Economic Factors","Employment","Unemployment","2006-2010","Community Area","12-Forest Glen","12","","","531","","","","","","","","","5.5","","","","","","","Quintile","G","","","","","",""
"Social and Economic Factors","Employment","Unemployment","2006-2010","Community Area","13-North Park","13","","","681","","","","","","","","","7.5","","","","","","","Quintile","G","","","","","",""
"Social and Economic Factors","Employment","Unemployment","2006-2010","Community Area","14-Albany Park","14","","","2620","","","","","","","","","9.0","","","","","","","Quintile","G","","","","","",""
"Social and Economic Factors","Employment","Unemployment","2006-2010","Community Area","15-Portage Park","15","","","3789","","","","","","","","","10.6","","","","","","","Quintile","G","","","","","",""
"Social and Economic Factors","Employment","Unemployment","2006-2010","Community Area","16-Irving Park","16","","","3332","","","","","","","","","10.3","","","","","","","Quintile","G","","","","","",""
"Social and Economic Factors","Employment","Unemployment","2006-2010","Community Area","17-Dunning","17","","","2054","","","","","","","","","8.6","","","","","","","Quintile","G","","","","","",""
"Social and Economic Factors","Employment","Unemployment","2006-2010","Community Area","18-Montclare","18","","","744","","","","","","","","","10.8","","","","","","","Quintile","G","","","","","",""
"Social and Economic Factors","Employment","Unemployment","2006-2010","Community Area","19-Belmont Cragin","19","","","4659","","","","","","","","","11.5","","","","","","","Quintile","G","","","","","",""
"Social and Economic Factors","Employment","Unemployment","2006-2010","Community Area","20-Hermosa","20","","","1605","","","","","","","","","12.9","","","","","","","Quintile","G","","","","","",""
"Social and Economic Factors","Employment","Unemployment","2006-2010","Community Area","21-Avondale","21","","","2172","","","","","","","","","9.3","","","","","","","Quintile","G","","","","","",""
"Social and Economic Factors","Employment","Unemployment","2006-2010","Community Area","22-Logan Square","22","","","3419","","","","","","","","","7.5","","","","","","","Quintile","G","","","","","",""
"Social and Economic Factors","Employment","Unemployment","2006-2010","Community Area","23-Humboldt Park","23","","","2584","","","","","","","","","12.3","","","","","","","Quintile","G","","","","","",""
"Social and Economic Factors","Employment","Unemployment","2006-2010","Community Area","24-West Town","24","","","3272","","","","","","","","","6.0","","","","","","","Quintile","G","","","","","",""
"Social and Economic Factors","Employment","Unemployment","2006-2010","Community Area","25-Austin","25","","","9475","","","","","","","","","21.0","","","","","","","Quintile","G","","","","","",""
"Social and Economic Factors","Employment","Unemployment","2006-2010","Community Area","26-West Garfield Park","26","","","1718","","","","","","","","","25.2","","","","","","","Quintile","G","","","","","",""
"Social and Economic Factors","Employment","Unemployment","2006-2010","Community Area","27-East Garfield Park","27","","","1137","","","","","","","","","16.4","","","","","","","Quintile","G","","","","","",""
"Social and Economic Factors","Employment","Unemployment","2006-2010","Community Area","28-Near West Side","28","","","3168","","","","","","","","","10.7","","","","","","","Quintile","G","","","","","",""
"Social and Economic Factors","Employment","Unemployment","2006-2010","Community Area","29-North Lawndale","29","","","2237","","","","","","","","","18.5","","","","","","","Quintile","G","","","","","",""
"Social and Economic Factors","Employment","Unemployment","2006-2010","Community Area","30-South Lawndale","30","","","3220","","","","","","","","","11.5","","","","","","","Quintile","G","","","","","",""
"Social and Economic Factors","Employment","Unemployment","2006-2010","Community Area","31-Lower West Side","31","","","2420","","","","","","","","","13.0","","","","","","","Quintile","G","","","","","",""
"Social and Economic Factors","Employment","Unemployment","2006-2010","Community Area","32-Loop","32","","","551","","","","","","","","","4.2","","","","","","","Quintile","G","","","","","",""
"Social and Economic Factors","Employment","Unemployment","2006-2010","Community Area","33-Near South Side","33","","","714","","","","","","","","","5.7","","","","","","","Quintile","G","","","","","",""
"Social and Economic Factors","Employment","Unemployment","2006-2010","Community Area","34-Armour Square","34","","","801","","","","","","","","","11.6","","","","","","","Quintile","G","","","","","",""
"Social and Economic Factors","Employment","Unemployment","2006-2010","Community Area","35-Douglas","35","","","1622","","","","","","","","","16.7","","","","","","","Quintile","G","","","","","",""
"Social and Economic Factors","Employment","Unemployment","2006-2010","Community Area","36-Oakland","36","","","727","","","","","","","","","26.6","","","","","","","Quintile","G","","","","","",""
"Social and Economic Factors","Employment","Unemployment","2006-2010","Community Area","37-Fuller Park","37","","","487","","","","","","","","","40.0","","","","","","","Quintile","G","","","","","",""
"Social and Economic Factors","Employment","Unemployment","2006-2010","Community Area","38-Grand Boulevard","38","","","2163","","","","","","","","","20.6","","","","","","","Quintile","G","","","","","",""
"Social and Economic Factors","Employment","Unemployment","2006-2010","Community Area","39-Kenwood","39","","","1035","","","","","","","","","11.0","","","","","","","Quintile","G","","","","","",""
"Social and Economic Factors","Employment","Unemployment","2006-2010","Community Area","40-Washington Park","40","","","1028","","","","","","","","","23.2","","","","","","","Quintile","G","","","","","",""
"Social and Economic Factors","Employment","Unemployment","2006-2010","Community Area","41-Hyde Park","41","","","985","","","","","","","","","6.9","","","","","","","Quintile","G","","","","","",""
"Social and Economic Factors","Employment","Unemployment","2006-2010","Community Area","42-Woodlawn","42","","","1944","","","","","","","","","17.3","","","","","","","Quintile","G","","","","","",""
"Social and Economic Factors","Employment","Unemployment","2006-2010","Community Area","43-South Shore","43","","","4120","","","","","","","","","17.7","","","","","","","Quintile","G","","","","","",""
"Social and Economic Factors","Employment","Unemployment","2006-2010","Community Area","44-Chatham","44","","","3234","","","","","","","","","19.0","","","","","","","Quintile","G","","","","","",""
"Social and Economic Factors","Employment","Unemployment","2006-2010","Community Area","45-Avalon Park","45","","","813","","","","","","","","","16.6","","","","","","","Quintile","G","","","","","",""
"Social and Economic Factors","Employment","Unemployment","2006-2010","Community Area","46-South Chicago","46","","","2332","","","","","","","","","17.7","","","","","","","Quintile","G","","","","","",""
"Social and Economic Factors","Employment","Unemployment","2006-2010","Community Area","47-Burnside","47","","","334","","","","","","","","","23.4","","","","","","","Quintile","G","","","","","",""
"Social and Economic Factors","Employment","Unemployment","2006-2010","Community Area","48-Calumet Heights","48","","","1208","","","","","","","","","17.2","","","","","","","Quintile","G","","","","","",""
"Social and Economic Factors","Employment","Unemployment","2006-2010","Community Area","49-Roseland","49","","","3581","","","","","","","","","17.8","","","","","","","Quintile","G","","","","","",""
"Social and Economic Factors","Employment","Unemployment","2006-2010","Community Area","50-Pullman","50","","","775","","","","","","","","","21.0","","","","","","","Quintile","G","","","","","",""
"Social and Economic Factors","Employment","Unemployment","2006-2010","Community Area","51-South Deering","51","","","788","","","","","","","","","11.8","","","","","","","Quintile","G","","","","","",""
"Social and Economic Factors","Employment","Unemployment","2006-2010","Community Area","52-East Side","52","","","1561","","","","","","","","","14.5","","","","","","","Quintile","G","","","","","",""
"Social and Economic Factors","Employment","Unemployment","2006-2010","Community Area","53-West Pullman","53","","","2516","","","","","","","","","16.5","","","","","","","Quintile","G","","","","","",""
"Social and Economic Factors","Employment","Unemployment","2006-2010","Community Area","54-Riverdale","54","","","495","","","","","","","","","26.4","","","","","","","Quintile","G","","","","","",""
"Social and Economic Factors","Employment","Unemployment","2006-2010","Community Area","55-Hegewisch","55","","","486","","","","","","","","","9.6","","","","","","","Quintile","G","","","","","",""
"Social and Economic Factors","Employment","Unemployment","2006-2010","Community Area","56-Garfield Ridge","56","","","1415","","","","","","","","","8.1","","","","","","","Quintile","G","","","","","",""
"Social and Economic Factors","Employment","Unemployment","2006-2010","Community Area","57-Archer Heights","57","","","899","","","","","","","","","14.2","","","","","","","Quintile","G","","","","","",""
"Social and Economic Factors","Employment","Unemployment","2006-2010","Community Area","58-Brighton Park","58","","","2287","","","","","","","","","11.2","","","","","","","Quintile","G","","","","","",""
"Social and Economic Factors","Employment","Unemployment","2006-2010","Community Area","59-McKinley Park","59","","","966","","","","","","","","","11.9","","","","","","","Quintile","G","","","","","",""
"Social and Economic Factors","Employment","Unemployment","2006-2010","Community Area","60-Bridgeport","60","","","2017","","","","","","","","","11.7","","","","","","","Quintile","G","","","","","",""
"Social and Economic Factors","Employment","Unemployment","2006-2010","Community Area","61-New City","61","","","3165","","","","","","","","","17.4","","","","","","","Quintile","G","","","","","",""
"Social and Economic Factors","Employment","Unemployment","2006-2010","Community Area","62-West Elsdon","62","","","1210","","","","","","","","","13.5","","","","","","","Quintile","G","","","","","",""
"Social and Economic Factors","Employment","Unemployment","2006-2010","Community Area","63-Gage Park","63","","","2447","","","","","","","","","14.0","","","","","","","Quintile","G","","","","","",""
"Social and Economic Factors","Employment","Unemployment","2006-2010","Community Area","64-Clearing","64","","","1225","","","","","","","","","9.6","","","","","","","Quintile","G","","","","","",""
"Social and Economic Factors","Employment","Unemployment","2006-2010","Community Area","65-West Lawn","65","","","1094","","","","","","","","","7.8","","","","","","","Quintile","G","","","","","",""
"Social and Economic Factors","Employment","Unemployment","2006-2010","Community Area","66-Chicago Lawn","66","","","2784","","","","","","","","","11.9","","","","","","","Quintile","G","","","","","",""
"Social and Economic Factors","Employment","Unemployment","2006-2010","Community Area","67-West Englewood","67","","","5110","","","","","","","","","34.7","","","","","","","Quintile","G","","","","","",""
"Social and Economic Factors","Employment","Unemployment","2006-2010","Community Area","68-Englewood","68","","","2370","","","","","","","","","21.3","","","","","","","Quintile","G","","","","","",""
"Social and Economic Factors","Employment","Unemployment","2006-2010","Community Area","69-Greater Grand Crossing","69","","","2791","","","","","","","","","18.9","","","","","","","Quintile","G","","","","","",""
"Social and Economic Factors","Employment","Unemployment","2006-2010","Community Area","70-Ashburn","70","","","1799","","","","","","","","","8.8","","","","","","","Quintile","G","","","","","",""
"Social and Economic Factors","Employment","Unemployment","2006-2010","Community Area","71-Auburn Gresham","71","","","5556","","","","","","","","","24.2","","","","","","","Quintile","G","","","","","",""
"Social and Economic Factors","Employment","Unemployment","2006-2010","Community Area","72-Beverly","72","","","904","","","","","","","","","7.8","","","","","","","Quintile","G","","","","","",""
"Social and Economic Factors","Employment","Unemployment","2006-2010","Community Area","73-Washington Heights","73","","","2254","","","","","","","","","18.3","","","","","","","Quintile","G","","","","","",""
"Social and Economic Factors","Employment","Unemployment","2006-2010","Community Area","74-Mount Greenwood","74","","","717","","","","","","","","","6.9","","","","","","","Quintile","G","","","","","",""
"Social and Economic Factors","Employment","Unemployment","2006-2010","Community Area","75-Morgan Park","75","","","1854","","","","","","","","","13.3","","","","","","","Quintile","G","","","","","",""
"Social and Economic Factors","Employment","Unemployment","2006-2010","Community Area","76-O'Hare","76","","","520","","","","","","","","","4.6","","","","","","","Quintile","G","","","","","",""
"Social and Economic Factors","Employment","Unemployment","2006-2010","Community Area","77-Edgewater","77","","","3182","","","","","","","","","9.0","","","","","","","Quintile","G","","","","","",""
